filename,path,raw_url
UNKNOWN LOVER #เขาชื่ออันวาร์.jpeg,UNKNOWN LOVER #เขาชื่ออันวาร์.jpeg,https://raw.githubusercontent.com/parepiy/novel/main/UNKNOWN%20LOVER%20%23%E0%B9%80%E0%B8%82%E0%B8%B2%E0%B8%8A%E0%B8%B7%E0%B9%88%E0%B8%AD%E0%B8%AD%E0%B8%B1%E0%B8%99%E0%B8%A7%E0%B8%B2%E0%B8%A3%E0%B9%8C.jpeg
คุณชายอันธพาลอย่างข้าไม่คิดจะกลับใจหรอกนะ.jpeg,คุณชายอันธพาลอย่างข้าไม่คิดจะกลับใจหรอกนะ.jpeg,https://raw.githubusercontent.com/parepiy/novel/main/%E0%B8%84%E0%B8%B8%E0%B8%93%E0%B8%8A%E0%B8%B2%E0%B8%A2%E0%B8%AD%E0%B8%B1%E0%B8%99%E0%B8%98%E0%B8%9E%E0%B8%B2%E0%B8%A5%E0%B8%AD%E0%B8%A2%E0%B9%88%E0%B8%B2%E0%B8%87%E0%B8%82%E0%B9%89%E0%B8%B2%E0%B9%84%E0%B8%A1%E0%B9%88%E0%B8%84%E0%B8%B4%E0%B8%94%E0%B8%88%E0%B8%B0%E0%B8%81%E0%B8%A5%E0%B8%B1%E0%B8%9A%E0%B9%83%E0%B8%88%E0%B8%AB%E0%B8%A3%E0%B8%AD%E0%B8%81%E0%B8%99%E0%B8%B0.jpeg
ชาติก่อนถูกหลอกลวง ชาตินี้ขอทวงคืน.jpeg,ชาติก่อนถูกหลอกลวง ชาตินี้ขอทวงคืน.jpeg,https://raw.githubusercontent.com/parepiy/novel/main/%E0%B8%8A%E0%B8%B2%E0%B8%95%E0%B8%B4%E0%B8%81%E0%B9%88%E0%B8%AD%E0%B8%99%E0%B8%96%E0%B8%B9%E0%B8%81%E0%B8%AB%E0%B8%A5%E0%B8%AD%E0%B8%81%E0%B8%A5%E0%B8%A7%E0%B8%87%20%E0%B8%8A%E0%B8%B2%E0%B8%95%E0%B8%B4%E0%B8%99%E0%B8%B5%E0%B9%89%E0%B8%82%E0%B8%AD%E0%B8%97%E0%B8%A7%E0%B8%87%E0%B8%84%E0%B8%B7%E0%B8%99.jpeg
ฝ่าบาท! ทรราชที่ไหนเขาทำเช่นนี้เล่าพ่ะย่ะค่ะ!.jpeg,ฝ่าบาท! ทรราชที่ไหนเขาทำเช่นนี้เล่าพ่ะย่ะค่ะ!.jpeg,https://raw.githubusercontent.com/parepiy/novel/main/%E0%B8%9D%E0%B9%88%E0%B8%B2%E0%B8%9A%E0%B8%B2%E0%B8%97%21%20%E0%B8%97%E0%B8%A3%E0%B8%A3%E0%B8%B2%E0%B8%8A%E0%B8%97%E0%B8%B5%E0%B9%88%E0%B9%84%E0%B8%AB%E0%B8%99%E0%B9%80%E0%B8%82%E0%B8%B2%E0%B8%97%E0%B8%B3%E0%B9%80%E0%B8%8A%E0%B9%88%E0%B8%99%E0%B8%99%E0%B8%B5%E0%B9%89%E0%B9%80%E0%B8%A5%E0%B9%88%E0%B8%B2%E0%B8%9E%E0%B9%88%E0%B8%B0%E0%B8%A2%E0%B9%88%E0%B8%B0%E0%B8%84%E0%B9%88%E0%B8%B0%21.jpeg
วิถีชีวิตหลังย้อนเวลากลับมาของคุณชายสามโหรว.jpeg,วิถีชีวิตหลังย้อนเวลากลับมาของคุณชายสามโหรว.jpeg,https://raw.githubusercontent.com/parepiy/novel/main/%E0%B8%A7%E0%B8%B4%E0%B8%96%E0%B8%B5%E0%B8%8A%E0%B8%B5%E0%B8%A7%E0%B8%B4%E0%B8%95%E0%B8%AB%E0%B8%A5%E0%B8%B1%E0%B8%87%E0%B8%A2%E0%B9%89%E0%B8%AD%E0%B8%99%E0%B9%80%E0%B8%A7%E0%B8%A5%E0%B8%B2%E0%B8%81%E0%B8%A5%E0%B8%B1%E0%B8%9A%E0%B8%A1%E0%B8%B2%E0%B8%82%E0%B8%AD%E0%B8%87%E0%B8%84%E0%B8%B8%E0%B8%93%E0%B8%8A%E0%B8%B2%E0%B8%A2%E0%B8%AA%E0%B8%B2%E0%B8%A1%E0%B9%82%E0%B8%AB%E0%B8%A3%E0%B8%A7.jpeg
เกิดใหม่ชาตินี้ ข้าขอปกป้องจวนแม่ทัพ.jpeg,เกิดใหม่ชาตินี้ ข้าขอปกป้องจวนแม่ทัพ.jpeg,https://raw.githubusercontent.com/parepiy/novel/main/%E0%B9%80%E0%B8%81%E0%B8%B4%E0%B8%94%E0%B9%83%E0%B8%AB%E0%B8%A1%E0%B9%88%E0%B8%8A%E0%B8%B2%E0%B8%95%E0%B8%B4%E0%B8%99%E0%B8%B5%E0%B9%89%20%E0%B8%82%E0%B9%89%E0%B8%B2%E0%B8%82%E0%B8%AD%E0%B8%9B%E0%B8%81%E0%B8%9B%E0%B9%89%E0%B8%AD%E0%B8%87%E0%B8%88%E0%B8%A7%E0%B8%99%E0%B9%81%E0%B8%A1%E0%B9%88%E0%B8%97%E0%B8%B1%E0%B8%9E.jpeg
เกิดใหม่เป็นองค์ชายเกอตัวร้าย! เป้าหมายคือรอดจากสามี(แก่)ทั้งสาม.jpeg,เกิดใหม่เป็นองค์ชายเกอตัวร้าย! เป้าหมายคือรอดจากสามี(แก่)ทั้งสาม.jpeg,https://raw.githubusercontent.com/parepiy/novel/main/%E0%B9%80%E0%B8%81%E0%B8%B4%E0%B8%94%E0%B9%83%E0%B8%AB%E0%B8%A1%E0%B9%88%E0%B9%80%E0%B8%9B%E0%B9%87%E0%B8%99%E0%B8%AD%E0%B8%87%E0%B8%84%E0%B9%8C%E0%B8%8A%E0%B8%B2%E0%B8%A2%E0%B9%80%E0%B8%81%E0%B8%AD%E0%B8%95%E0%B8%B1%E0%B8%A7%E0%B8%A3%E0%B9%89%E0%B8%B2%E0%B8%A2%21%20%E0%B9%80%E0%B8%9B%E0%B9%89%E0%B8%B2%E0%B8%AB%E0%B8%A1%E0%B8%B2%E0%B8%A2%E0%B8%84%E0%B8%B7%E0%B8%AD%E0%B8%A3%E0%B8%AD%E0%B8%94%E0%B8%88%E0%B8%B2%E0%B8%81%E0%B8%AA%E0%B8%B2%E0%B8%A1%E0%B8%B5%28%E0%B9%81%E0%B8%81%E0%B9%88%29%E0%B8%97%E0%B8%B1%E0%B9%89%E0%B8%87%E0%B8%AA%E0%B8%B2%E0%B8%A1.jpeg
เกิดใหม่เป็นอนุที่ถูกลืม ข้าจึงใช้เล่ห์สยบท่านแม่ทัพ.jpeg,เกิดใหม่เป็นอนุที่ถูกลืม ข้าจึงใช้เล่ห์สยบท่านแม่ทัพ.jpeg,https://raw.githubusercontent.com/parepiy/novel/main/%E0%B9%80%E0%B8%81%E0%B8%B4%E0%B8%94%E0%B9%83%E0%B8%AB%E0%B8%A1%E0%B9%88%E0%B9%80%E0%B8%9B%E0%B9%87%E0%B8%99%E0%B8%AD%E0%B8%99%E0%B8%B8%E0%B8%97%E0%B8%B5%E0%B9%88%E0%B8%96%E0%B8%B9%E0%B8%81%E0%B8%A5%E0%B8%B7%E0%B8%A1%20%E0%B8%82%E0%B9%89%E0%B8%B2%E0%B8%88%E0%B8%B6%E0%B8%87%E0%B9%83%E0%B8%8A%E0%B9%89%E0%B9%80%E0%B8%A5%E0%B9%88%E0%B8%AB%E0%B9%8C%E0%B8%AA%E0%B8%A2%E0%B8%9A%E0%B8%97%E0%B9%88%E0%B8%B2%E0%B8%99%E0%B9%81%E0%B8%A1%E0%B9%88%E0%B8%97%E0%B8%B1%E0%B8%9E.jpeg
เจ้าคุณพ่อขอรับลูกไม่อยากเป็นตัวร้าย.jpeg,เจ้าคุณพ่อขอรับลูกไม่อยากเป็นตัวร้าย.jpeg,https://raw.githubusercontent.com/parepiy/novel/main/%E0%B9%80%E0%B8%88%E0%B9%89%E0%B8%B2%E0%B8%84%E0%B8%B8%E0%B8%93%E0%B8%9E%E0%B9%88%E0%B8%AD%E0%B8%82%E0%B8%AD%E0%B8%A3%E0%B8%B1%E0%B8%9A%E0%B8%A5%E0%B8%B9%E0%B8%81%E0%B9%84%E0%B8%A1%E0%B9%88%E0%B8%AD%E0%B8%A2%E0%B8%B2%E0%B8%81%E0%B9%80%E0%B8%9B%E0%B9%87%E0%B8%99%E0%B8%95%E0%B8%B1%E0%B8%A7%E0%B8%A3%E0%B9%89%E0%B8%B2%E0%B8%A2.jpeg
ไอดอลแบบผม ก็อยากมีผัวนะครับ.jpeg,ไอดอลแบบผม ก็อยากมีผัวนะครับ.jpeg,https://raw.githubusercontent.com/parepiy/novel/main/%E0%B9%84%E0%B8%AD%E0%B8%94%E0%B8%AD%E0%B8%A5%E0%B9%81%E0%B8%9A%E0%B8%9A%E0%B8%9C%E0%B8%A1%20%E0%B8%81%E0%B9%87%E0%B8%AD%E0%B8%A2%E0%B8%B2%E0%B8%81%E0%B8%A1%E0%B8%B5%E0%B8%9C%E0%B8%B1%E0%B8%A7%E0%B8%99%E0%B8%B0%E0%B8%84%E0%B8%A3%E0%B8%B1%E0%B8%9A.jpeg
